data-govuk-org	government-organisation
00039033-b779-4b42-9575-c968f577fc73	PB300
00577eb0-82cc-49d2-ac1d-e3338948e22b	
006be448-bac4-4627-887f-854df68495f0	EA41
008804f6-f5ca-4a92-92f0-85104214621f	D240
00a99e34-6064-440b-ad37-124335bae0bc	
00b8a483-134e-47b2-acf8-0ba3040979a1	
00b91f80-5d05-4d58-9b69-3de2b3ca84f3	
00ba2251-6fd5-4853-907c-cf0125b45eaf	
00cb3d53-764a-466b-878d-6976afaf1bfe	
00db1ba5-2260-49f9-9a52-e3676b91f2f0	PB174
00f2652b-377a-4335-8407-e2780bc5cded	EA26
0109d18d-0991-4317-a574-fd81b3072a8c	
016c876a-6a27-4858-9709-ef6e2d24c19b	
019edbe7-beab-4370-b809-0b90775b3670	PB302
019f74d1-0fc7-46f7-a42f-dd15e059f6a5	OT547
01ec7b0a-8641-43df-8e3b-a2d29c4a7579	
01f2ffdc-bcc6-49d2-8766-9cfd408deda3	
025195e9-f080-41b6-8e33-a895bc867e0d	
028bfeae-e72d-4a2d-9382-64dd6d99a3db	
03002b89-8add-41f4-9be8-3336726460c4	
03431b31-9c86-4c72-92e0-706052eb2669	
034be103-c003-4127-9b9f-ec6df47e093e	
034e7e89-5550-4851-bf90-d2fb69af289e	D1196
036abab4-15ed-485a-8e14-9a599ea1619e	D16
0382695c-9700-4f7c-900a-041977e22006	PB297
03b070e2-8f5a-4364-8f87-16564d2c6153	
03ccdda7-2025-49e9-96e3-104af34b925d	
03e5767e-ce67-45f4-84ea-1e34f97a80a2	D106
03ecfd80-498c-465e-8095-0f724cf23551	
043bd82b-429a-476b-b57f-5f4f0543539e	
04d32c38-1b7c-45c3-9a45-87c32638a346	OT895
04e8f141-3e58-4195-9b00-f1dba883377e	
051d1e6b-b511-4203-afda-ebd31ffef0b8	PB377
053cc1ac-8fdb-4370-bb66-0a7bfb178078	
05899d02-862a-495a-b069-6351983dc558	EA87
058b1796-c9a0-48ec-88cf-b500db3a5a07	
059d63cb-f916-458b-b2b4-c62bfeabac67	PB123
05a4080b-2c90-4e62-9a60-bd7d10b70125	
05c260b2-5418-400f-8f37-fdf762fbaa97	
05c74eae-a054-4bcc-b455-f408547e3a6b	PB266
05f327f6-a368-4214-9852-608af2d3149f	
06a4eb9a-97e6-4f65-9dd2-42742b216eca	EA830
06f1d481-06c0-419e-80d2-b1a8a55a3723	
06f486b1-492b-4c88-9564-1f9af9433772	
06fdcf11-112c-4f1f-b771-490cc692b182	
07099de5-1a4b-43cd-9ab5-fcc633292642	
075a2fcb-341b-412e-9c28-e2d463f88e54	
079c298f-5a0f-4c9f-be5e-9eaa0b884fb6	
07c2058b-92ba-4ed5-9381-86e3e143ca91	PB501
07d929b4-7508-4597-812e-7c6cc5a0278c	
0897bab1-8ab7-49a3-ba28-8c4a439ec4cc	OT431
08d9dab1-a603-440d-9dc4-a01295e9acfb	
0914851e-a4a4-402d-80e9-556346cf6912	
095e936f-2625-4fe2-bc24-8dec90cc12a1	
097320af-4d4f-4b74-a6e7-e28e15cf257a	
09b7415e-2528-418e-93c4-f08a95ba8184	
09d3f09d-b73c-4426-b0d9-a3f0f64c5530	
09dcccdd-0d30-43c8-baa9-cc031e077b1b	
09f4fe4a-c700-4fd3-b90a-c955e2bd11e5	OT488
0a055a5d-8f8a-46b9-83c5-5d5221ee723f	
0a1441c0-6887-430b-8117-a30993e0f5f4	
0a4681aa-efa0-4296-b4b6-fa016ed9751f	
0a4d6b94-5773-4c40-a632-c7302ebcf231	IM324
0ad23ae4-32cc-425f-b194-11116dacbd1a	PB188
0afac264-b379-4331-baa7-13dc2d04e13f	
0b02fc32-31f2-445f-b79d-3caebaaa55d4	OT483
0b303cf2-90c3-4252-ad9b-73e307bcb094	
0b5a89d1-2b88-4973-8de1-ce1cd6e97de9	
0b6c6aaf-3e86-4649-8c82-2b1088fc1361	
0ba2191c-eff3-4792-8407-3b4de7acdf96	D3
0c0b0595-2c6f-4504-967e-4b4bb29a9e55	
0c855f89-6759-4c78-80df-f829e5d77aca	EA1015
0cb4d347-9a02-4acc-95d8-1efae6857050	EA50
0cd229ca-5427-44d1-b7cb-527d4e2848ee	
0cd4a286-7cbf-4138-8feb-c7ced1ca979c	
0d0a579c-9d82-4dd3-a51d-2dbfb7d90f3a	
0d411db9-0a2a-46a0-9ef0-4c78a1d1d2cd	
0d6e864b-86dc-4a98-a3ba-7ce8a33c855a	PB118
0d99c891-c400-45c4-a8ee-53ce4a0c6955	PB179
0db7327d-baa1-4811-80f7-b27dc7c53c0f	
0df6300e-685a-432b-9141-d7eeb5b7714e	
0dfa7f8e-09c5-4a66-b7b0-97b8ed95398c	
0e0676dd-f538-4a49-acbb-e0ce50d305c6	
0e608419-a791-4dde-9fad-cb73a7c14dab	
0e71a4bc-c846-41f7-8dbc-0faf6d51d2c5	
0eb2cb9d-59dd-43f6-a99f-f7c21ad227d5	PB200
0f0433fb-bb0f-4c22-8609-78dc3ea91122	
0f5bdb62-bdc7-4da5-a6be-72e464b10b64	
0f8d9eb7-490c-43ce-a9c1-b441c3e70318	
0fd15697-1100-4133-9bd2-1015434b37a0	
0ff30c71-68ca-42b3-b2d6-16bab42d220c	
10339ba6-c521-491e-98c1-7a79e2a0ac5c	
1083d3d1-d821-4ddd-ac19-a82546a3e6c2	PB558
10d87b7b-ac71-4eaa-ac74-b6ffc726da9a	
10f4c6ac-8779-40fb-98ff-ed06794ca54d	
11064d71-eb4a-4865-b617-0d230f4aaa1d	
112f693b-d0a0-4a45-a70f-9aaca356bc66	
116874f0-186c-4f71-8518-9e5bdd7c28c6	EA934
11706266-24d2-431f-88cb-9cd807925e20	
118c90e8-cc4c-4366-81ef-e564cd294a41	
11c51f05-a8bf-4f58-9b95-7ab55f9546d7	EA199
11f1e070-8cc6-4d59-8467-375c2a3598e4	
12802345-6918-45a8-9fbc-dd78c9768439	
1292a4af-ee29-4dbf-8805-5a87427f49b2	PB234
12c3048f-e0c1-408c-b37b-0a71853905eb	
12e3ff5d-195e-4046-818e-21faaef5a676	EA904
1312ffac-b153-4978-8260-1bbbca23b87b	PB510
133402b2-8eb4-4dbf-b3f8-f1680e628362	
1348fdf1-68ca-4472-a52e-a1188b59ed63	
138b9d88-2b87-46bd-8eb5-f1cb30744058	
13a92bf2-1fbf-4c18-bd71-43ba47573c6c	
13d1ae71-c2cd-4705-8cd2-fda644fdf411	
13fc54d5-4060-4ba5-ad73-3d407190e790	
13ff0343-ae9e-4991-a01d-b8b0b4d4fc52	PB226
140fad04-d552-4757-ac79-bc9a06ef635d	
1484cfe3-7d98-474e-bab5-e896c22a2ce3	
14c99dae-a537-4880-8465-3a2462fb270a	
14dfd95a-3856-4ae1-8ea9-877676cf0ea5	
151b8f65-586c-43ce-8888-4d262f856fd4	
154f955d-1641-498d-b9ba-593d71df913f	PC472
1559398b-2c8a-4b7f-a9f6-ea803cfa4ed2	
158d75e5-9c85-47cf-90d9-4a9009e35d69	
1593c9fc-7c7b-4b70-a2f9-2968040b92a3	
15b67a13-6de1-43fa-9651-3509edb612ae	
15bc1e14-ae1a-4bd1-815f-73edbc6b7d83	
15d2bccf-6c9e-4b57-94b1-f261ee72d860	
160a2e5a-1a57-4dc4-8dee-e11a62011897	
161243e1-6da0-45de-9b63-46d0ffc995d0	
1626f20c-b5fb-4c17-9132-235dfb073f2b	
162931f5-5e0f-409c-89ed-5610f59043e4	
16490764-94f4-457b-9888-e8472acf8214	
165223dd-fc90-408c-b4d7-b03ff948df22	
165c7e8b-34f4-45fe-a321-5b5ec630779d	
16cba834-cbea-4178-99e5-57535355fd53	
172012c3-c019-4365-a933-0ee6b0e7bdf5	
176511cd-f006-4e0a-984e-5dfbef3955b6	
1780e585-17b0-4ef6-a1cb-c0b08cee940d	
17e00404-a853-49ca-9ea2-6db8cceaf1e2	D6
17e8f591-8ace-4829-9877-e2ce3e6c07f5	
18118c93-84d9-405b-99a3-2e93f503724d	
1817ace3-fba2-46f8-af20-802ebc33b417	
185c0c99-d153-4dd1-9c61-80e981627f6e	
18c7741a-e52a-45f9-afd1-509c29c2337e	PB124
18fd8e85-05d6-483b-90a0-6d37a9df576d	
1947807f-4ec3-46d6-a563-74f02b9f6ecf	
1964752b-bc06-402c-9208-00e162e7d212	
19d55bc9-b0ba-43f9-bf54-3a141bd81e6b	
1a2a8e1e-75a5-4f11-97ad-ca7ea6ee085c	
1adcc5a0-88fc-4ad1-98ed-e64ee22fc005	
1b002cc7-d32f-4037-bd69-f0d62788ede8	
1b1670cb-af82-4010-983b-520046bbbd16	
1b46a092-90c9-442c-b07f-341becb0a51a	PB1093
1b7ba1a9-a8b9-4f2c-972f-733cf524257c	
1b8806f3-27c7-4b80-8d45-5b150eedbf0b	EA67
1ba74267-09be-4402-98e4-d68d7231452a	
1c0f5b7f-06ca-4e40-9c2e-abdc3ec893ca	PB378
1c1531fc-2488-4f38-9c34-4ecdf8fd1f9f	PB459
1c2dd2ab-0de3-4e44-aacf-e271c435520d	
1c52c57e-18c8-45d4-be82-f0077c6d616c	OT281
1c5b66d6-1f59-4d23-af19-98e2116d89f3	
1c661adf-d548-4d59-959c-b3179ea05596	
1cad87a6-17a0-4b19-a688-f9795cd93aee	
1cb3b8bc-ecf2-4c4e-a643-a6e7f5761104	
1cb62be8-50cd-4d87-869d-26dafeb5f649	
1d3ba2bb-4fd5-4fe9-9436-3b5454dc19e3	OT1103
1d700d8f-1f17-45f4-9217-88e04eb30f14	
1d87456b-f8da-4d59-a2ee-d1c70cef27e2	
1da3e603-06d4-4cb7-9f61-79f9e18be83c	
1dd4d37e-cbd7-4f2b-a1bc-645ccc78ee93	
1e25dc82-f68e-473c-aee3-a644b9986e5f	EA32
1e2806f4-6956-4164-bdf0-572ccc94eb6a	
1e3d616a-ef4b-4ed4-8ae7-ed7373f0f21d	
1e7050e1-8370-4676-bb15-7630b806a8d2	
1e8c069d-aeeb-426c-b4f1-a81f316f080b	
1f10d4a3-9883-4d4c-b229-39a2fd760101	
1f2ca060-39cd-4ee7-af7a-30daa97ce0b6	
1f546eee-7088-4352-bde4-90150cd6c390	
1f6b2d8f-ca79-49ea-9e88-09ebafc4b423	
1f8b97e7-b41f-44dc-be9f-8c10847dffbf	
1fa1c3b7-f139-46f9-a905-98cc283f5c02	
1fba0028-d66e-451b-90c9-74bc4e21d397	
1fd104d4-6291-430a-ae6c-47ba73f38acb	
208bbf13-6a38-42d3-9079-5038f71adb56	
2091a924-5e7b-492a-9e05-d7565051bd84	
2097d8a4-742f-4bf8-87f4-32f90c1dbca4	
20adb7ad-290e-4258-9503-9c7301ca225f	
20ea7fe4-2c76-478a-8870-56d07e354c21	
20f9ea25-385a-44b4-8bcb-3a58edcf036f	
210fb358-5607-406d-9c7d-635c9bfe5dde	OT514
2136d80b-844d-4a97-8d47-04cf858c1d8c	
2148c634-bf75-4a48-a911-ce3a4a8275aa	
216ecf1a-7b5f-4222-b84b-527ae7f86f60	PB169
218986c4-4ef6-4380-a4b1-7c9712f6412d	
21a26344-7cb8-4619-9ae9-d4c46bf05de2	
21cb667b-961d-4ea5-8023-498fc8f79444	
21d2a122-5c77-4cf2-87b2-954959fb99b8	
21f3491f-5b0f-4395-8bb9-990f9cc4d274	
2276e5ff-cd10-4015-b4cc-0eb2454208d3	
228796a3-b43f-4602-88c5-f52cc1f6f224	
22bfce79-6743-49b1-9588-fc5494346b30	OT498
22cb64fa-2d4b-4e6d-9491-212065e52509	
22f4bf09-b21c-4886-be87-0d37d0f53a38	PB571
2312c23f-f588-4658-8d99-6d06c562848b	
236fdd52-36dd-4c42-b7f8-850207a8ec0b	
23b9d27b-37b2-49d3-8d41-235b19b2a182	OT741
23e42f6d-0d03-456d-8da2-3892adb81685	
241941c1-feae-4554-a917-248e11743366	
24546a5c-da05-4ca2-9956-0e59f324b238	
24a63a13-6e19-4470-8d0a-54c50339b746	
24c5de20-8c75-4efd-84b1-4353b64d7851	
24cf432e-16ba-472b-a454-d3914d8e7d6f	
24f42397-2ef4-40d3-aada-19221ed3f06c	
2505ef79-2153-4e34-befb-1afaf1ba4934	
2542b2d7-a000-46d4-9f02-ea90ea323959	
2565d1b8-1dcc-4c51-9c70-bbccf58b9fff	
2592ccbd-e22d-4671-a52a-19455869d630	
259ab7f0-6a26-41d5-9eed-dd4cbef5a684	
25bc0094-a54a-4905-a856-531743ac66ff	OT911
25c78776-c4b0-4e3d-8334-309148774b06	PB161
25cdd7f0-4acc-4c27-b317-0edee995acfd	
25f02a9e-aeb2-4abd-ab20-ebc260956847	
25f50b7d-c0e4-4f5a-97f5-4f9baea2eda1	DA1019
25fb808e-c491-481c-8cf8-8df5faaa016e	
2614e2b2-d1cf-4fc4-8e41-1f4d2b4f11f5	EA1079
2635b3a2-9915-4806-9c72-c315ac2b84c9	
2715268e-3769-496d-990c-d868d61917aa	
27322301-90d6-4837-9563-899fd280e921	
2738f6bd-e1e4-4af8-883b-845072293160	PB509
278bb1d0-da55-4a1a-9983-75615c2428db	
2793e2bd-d261-43a4-9708-56509db999fb	
27a3a3f0-ca27-46c7-8c94-858f4aaa393a	
27a6dc4c-341d-4d1a-9289-e141b74ad7ca	
27c0e1d8-d95e-4ead-8690-395228ec57d9	EA927
27f02e16-b7f3-4db5-b422-68f406584144	
2862fcc5-99a6-4122-b4fe-034b9dbed070	PB180
288ea313-65ad-4b50-9fbd-c7d009042747	
28a069a0-5749-4980-9dd6-a74cb607ebe4	
28ae9daf-a2d8-4559-bd3b-368752cdd2fc	
292b9d2f-6cf0-4790-a1e1-56b7e268ee0e	DA1020
2944a378-2e5a-4dec-aeeb-72347d00fcf7	
29b53b81-3f22-49fc-99de-706fbd31ba75	D20
2a3bbbbc-e2d8-4d8c-b81b-effb9a757f3e	
2a638dd6-7ad6-4081-8de3-732200f553fa	PB1202
2a69ca2f-58b0-418f-84a0-5daabfe7cb41	
2aadf337-0d64-4f04-9ff8-b2f0b4cee71c	
2af28c3e-c4bb-43c6-b9b4-586c3dd15282	
2af8ade7-3cb4-45cf-9ca3-dbdd4df63195	
2b1cd095-6761-4a0f-b8e9-83c72bb4139a	
2b2dee8c-513b-4bc8-965b-deaa98228fc0	PB137
2b8bd115-c577-4f4f-af6d-c46e6236bd29	
2bace16f-c53d-4d6b-8b5d-01ed9f9019a2	
2bad8c92-68a4-4ffb-bc27-226a8a90f5ef	
2bbc9d62-f863-4fb7-a980-85c273a69a8c	
2c018238-759c-44da-b6eb-68455c40c585	
2c1f0119-96cf-4317-bfea-35ee034bb5a5	
2d09f7e6-1482-4ba2-9bbe-b66166a4016f	
2d887da5-32be-42c0-8c42-fa7d8109f16d	
2d9070e2-e5fa-42b8-a417-d1a194b5f6aa	
2e608e14-7635-48b2-ba2a-6777aeee4807	EA77
2e697c76-ccd5-465f-b8eb-ded4348bc6eb	
2eabdf9c-a1eb-4b3c-a4b1-d6f906739959	
2ebf380a-5203-4b12-9160-79899fc1160a	
2ec43347-6410-489d-baaf-a1c86992ef6e	
2ecfa769-df58-4f4d-8d9f-7811cf3bb5f6	
2ee44f00-44ff-4b5d-99ab-1a3e9e1c3876	
2f10f670-a958-4ad0-ae2c-2c8af41bc88f	
2f1c6ccb-3f21-40c0-8b26-41566c53eb2f	EA53
2f1ceab8-69d4-4b7c-98c1-1b760a99ba8c	PB207
2f31a7fe-bf3a-4bf7-965f-46c3786ebfc6	
2f3c8f4e-f045-480c-9d1f-734843c2291a	
2f5deb5a-969c-4e8d-8257-51900f5af112	
2faa1f7b-2e0d-4a9d-a144-a8732de13fb1	
300d5655-fa25-425e-a9a1-5c3305d4e7aa	
306b202d-b24d-47b4-8482-985fed1695b8	
30728c05-49b2-4cbf-ab3f-e67987c45cff	PB148
30864aa7-a0d6-4c3f-b584-9ee292c5a085	
30d357f1-200a-4ad1-a783-46cffb273c81	
30e6f9af-e71d-44c2-a6cb-005459c7d43d	
3152994f-cd84-450d-9f74-9f9311d17be0	
316d59ab-2bd6-4d92-b048-0210f64818b7	
31925a64-c212-4faa-b3be-7cdec4a850d6	
31adf0cc-408c-416c-877c-038ef7afca66	
31c4293a-6004-4bd1-944c-a7fc860cde29	EA39
31deffea-1b67-4965-887a-7f3541d8eeb3	
32396346-57fa-4c95-bdba-8efefa33cda1	OT612
32844eae-cc03-415e-84ab-c1ea69911dec	
3286cdc8-7eb7-4786-82e8-11c1f4717c32	
32ce645d-38b6-4b5e-a24f-d7fcade385d4	
32d96b5c-6d41-41bb-a4cd-bf38b11f3577	
32e40d57-3d71-46c7-aa74-21f625974b68	
32f29e32-7546-4a24-8673-9092f8159667	
331b3ad6-79de-452d-948f-42439e204560	OT840
3357b711-f50d-4d7c-87ce-a6674a73dcce	
335cebab-4108-470c-8da5-7f394d919e2c	
335feccb-b9e4-4925-b6fa-d51c6896e8dd	
33bfccf3-e27f-4a97-a171-b17e8924af52	
33e6b5f4-0a9e-49ba-b7ba-e24d6dbdb616	
3413a1c4-092b-4580-b7b5-03cccd0becab	
34463429-81a8-4354-ab5b-2ead466b86ba	
34483faf-b7d4-4e7b-af05-4029a8c1f83c	
34527e69-8cc0-4495-986c-2b093227561a	
3453e74b-a28e-4af9-bfb2-8394219d7b00	
346f89a7-67ba-475f-b874-a95b3de7dddf	
3497fa0d-94f1-4444-9616-d97388a622a1	
34ced4ca-79a7-4de9-95bf-da8f6afbc1da	
34e138a7-bd1f-4829-afe4-f67729601be7	
34f903d4-91d8-4571-be4f-79362d39fba7	EA1119
356fd74e-3185-42d4-8326-97d286d0570f	
35e9aea4-c29a-46c3-b816-070f2d9ebd90	EA929
35fcb542-a7f7-4f8a-9906-0eccc075256c	PB299
365f5b14-79c5-44f5-9589-a4dee08a6aca	EA765
3668f626-1381-409a-9956-1a76a9c758f7	
36849eed-4763-4a99-802c-93f4a919da9c	
36b87310-7e16-48d4-bdca-313bfd121572	
36ec1291-b4c4-418a-bf1c-c507a0db8e56	
36f9ae53-cc4a-4bca-9512-465ebffda1cb	PB374
37442ee0-b439-4031-9152-6a215378f90f	
374b5a2c-5f0e-401d-8b40-3d74b6d58c61	D1197
3768b87a-9168-4b1e-a543-2964017b3a35	
3775c835-4ffc-4d43-bc94-e8f4b9b9edbc	
378dcf37-8e28-40d3-97a2-43f2b0842af5	
3845fe35-93de-4d4f-8428-4158969b1b52	OT966
3847a6f5-5948-4d04-b5c7-d8062b93dc13	
38f6d297-f7a6-4e82-b872-58d1cb0e8309	
390710c8-fcf8-4d27-b06d-383121aee136	OT1068
3917ac48-bc28-4368-bba1-9676541a5016	PB185
39411897-9ad5-4569-b138-ea172c8bed64	
39bbaaa9-bbf4-4a67-934a-2448cc013e8c	
3a2a7da1-097e-4bf0-83a7-3e14dee2ff7d	
3a6a614d-5b1d-4059-84cf-8e52a970df53	
3a9d8dc4-4f45-4d48-928a-6e3f04449dba	D101
3ac00f2a-e436-4991-a90b-f369bf41d829	
3b033c62-b586-48d4-a1dc-5262080ccb95	OT529
3b754927-b341-4d39-826a-5844ef6b71a2	
3bbce8a9-3dd0-4973-9089-2065f3b1947e	
3c2090b2-fb63-4272-8032-bd76393657d8	
3c36a994-e314-4530-8598-fead586e44cc	D85
3c4af737-f14f-4b04-ae93-ff7607ce545c	OT539
3c783b09-d4e5-42ea-b7d7-37372814258a	
3d02d98e-db6c-46d7-a802-2255b7cec1b7	
3d0bbd75-0ef4-4ffe-ba1e-8a1a3f192c29	
3d81074b-862e-4571-aee6-2e1bebdc6447	
3dc75840-25f9-4851-91f5-e5b54653bd10	
3e256176-1877-4843-91cb-684b4afdd0e8	
3e399c50-95f2-43c7-95e9-39141572d2ff	
3e3f9715-6320-44e5-b8b1-625bd7929764	OT484
3e41d004-ac7e-46e2-b9d9-08cbcd51ea40	PB130
3e98febd-bb7c-406c-9326-13694e606949	
3ea4da42-f1ba-4164-bcef-d750674abcae	
3f4ed518-45b4-44bc-b850-ecea6cc1c7f9	
3f97daf2-5750-4a7f-ba54-d34286cd689a	PB375
3f9efefc-90ea-4aaf-b679-9679f15d43e1	
3fb86ceb-1627-4156-ba33-ea965096404c	
3fbe39e8-71dd-4544-a492-ab6ca4cc4e6d	
3fd2a44c-225f-4023-8eb8-5a9c7839df75	
3fdb8298-8f0f-46be-a1cf-8bf593c23c1d	
3fde0004-10cb-4fce-afcb-5f3bdf4abcd1	
3fec5b64-e84d-4dd3-8688-3c858984154e	
4025e3f6-95e6-4203-9d39-d923e5d0409f	
403d5ed4-b0e6-4e82-aa64-f4fa4c0d89ed	
40624590-685f-4038-bc99-48cb1f9a723c	
412d9d52-6a59-4dc2-bfff-8a1ed2422fd4	
414df293-6807-4445-8864-0d444c155011	
4156e14a-5e44-4d14-9757-f183a5b668cf	
4204c64f-a972-429f-9df3-f5cf27ec4055	
422c91ff-0a64-47ca-aa6f-b74ff925c30e	
4267908a-40b3-446d-8cfa-f0fa69cf17ec	
426fb51c-32b1-486b-b9f7-41e72e921edc	
428e76b4-8690-4d64-8586-a4e748c487d5	
429e55d7-07f4-4b4c-8593-07b7b2c6a96b	
42c239be-70c3-41dd-ab71-0bedb5a5fabf	
42cd8a45-9f4a-4b9b-9ad8-fb8a1c45c664	
42d7e8ce-b527-4b0e-aad6-2b1c8f95d599	
430e1765-1362-45e2-9588-8d5d921ebfab	
433142fc-402d-426b-b628-2784eb5d15ae	D241
43791c21-73f5-43eb-b7d6-8f55be9d9ae5	
437be72a-6261-4141-80a3-484852ed3c83	
439cb07d-ff88-4873-9637-49ba581dd8c8	
43e27bd9-c997-4b1b-a0ad-59ee502962d0	
4427cffe-2de6-4643-ac50-6bdd1cafc059	
44557608-f40a-4610-8431-091380ec38ad	
4490d21d-b7b7-4d6b-b010-716aaacad987	
44a71dc3-2e64-415b-88a7-05a73ed16c1f	D746
453ea1a1-739d-4839-8e93-0cc6e4d23f12	
454dbd0f-cf25-4a61-bd4e-fe5187a4deb9	PB120
45738dad-6696-4f32-aada-da0e1250b615	
45bc5a86-e39b-4aff-b679-02b45baad865	
45f0a06a-6dc0-4a00-ab14-3c28edc2d719	
45fb3b71-e070-424c-9bb5-ccc782da9863	
460b7c3a-9728-43b7-a5df-3f6c55c820c6	
46181ab2-4599-4d4b-902f-b7565c950a87	PB184
464d4584-85b3-4fde-91c0-bd16916c49ab	
465afad4-effd-46ec-af28-d212e2bb9140	EA51
46edf368-0df5-4e96-9235-b9b0b6db5c61	OT915
46ff46a2-f64c-4fc4-bca6-c6eb61a833ba	PB265
472f7ec3-f545-4b09-8c8c-9be56229f153	
47549c95-5167-4116-ab4e-759d2ec5bff9	
4755fcbb-cb4e-45ca-b58d-d5e2f092f92c	PB254
4756c44c-e3ba-4590-883f-180a0bf1af6a	
4770f55b-f0f1-4d92-a71b-13dd734b2657	
4794adf4-223f-4bc0-ae17-4a276ca55004	
47bc0c9f-c8dd-48cb-b30d-933d64cd53e5	
47d09fff-6538-4d16-abf0-212109e60cee	
4811dffa-e0a9-4959-b414-e46385c075fa	
486b7bf1-77d8-4ef2-8722-eab1eaf19b2e	D1108
48b0c8b0-a9e0-42a6-ae31-901b61d1f257	
48f370c9-7ab9-4550-9722-8c9477020fc7	D4
49455d2f-ad0f-45ff-a38e-8b9df1a0f432	
49508209-47ed-4d9d-a9a2-96ca3b232835	
49e87589-40b9-4ada-875b-95644cf87485	PB187
49e89067-bce8-4de4-9137-58f11aae5ad4	
49f25d11-3422-42f9-ab78-7b226652043a	
4a026068-3699-4a28-82ee-5364315f7f7b	
4a56917e-e722-433a-9cf5-f10465c5c96a	
4a5bf623-e04f-4cb7-a0b7-6d1c1045a49e	
4a90df3d-d4fa-492a-9617-525ddfbf059a	
4ae0b24b-a7d3-4432-9d14-c48b7eba5613	
4afdf8d8-93e6-4b4b-b5b3-062297230a5e	
4b105bc7-c99c-4bde-8b36-61a8a8daf141	D108
4bce2270-4307-4da2-b419-891139264b34	D30
4c077ea5-9a66-459f-8297-9a2c5f3a6121	
4c5562d1-4abf-4eb7-a318-61e461dcf7ad	
4cd2d1a2-85c6-44e9-8690-84242e18edbf	
4cdb1dfa-c9bc-4ef2-89b3-9fe70512d339	OT216
4ce512e1-9337-4190-b974-8c43738825f9	
4d1ddc1c-97f7-4d02-8c43-9bec05557d5a	
4d4f1e14-e491-42ce-867f-edc834649a19	
4d53a439-a360-4d45-a19b-29371a2c9d41	
4dea4bbc-8d3f-4291-9338-f5575d740c93	
4e1bc45a-6360-4bef-a284-681c1698e1b0	PB456
4e3f196b-dd2b-40b0-996d-eca7ee4d60df	
4e418ff7-dc4d-42f6-8bd9-e4b7b6781282	
4e6f4edc-ac28-4289-9ed6-788dd5e16b0e	PB426
4e8038e3-ecb5-4517-80b4-75616fef3902	
4e93b0eb-1734-4304-a67a-945ad0997b5d	
4ed37a7a-47b3-41f5-8690-3b61ff472bf7	
4ef1e206-5b2c-4761-bdca-2a0452d3dcd6	
4efe7795-c84a-463f-8119-f352c04471a7	
4f18e5ef-a129-4917-9388-27bba2eb89ba	
4f26e574-f0e9-4551-98e4-76eeae4854bc	
4f31069b-66d3-4324-8592-d5fe2e1e5c67	
4f8fb6ad-4262-4841-ac48-cf92bcbacff0	
4fc67187-8f81-4eaa-8820-b18d0cbf1ff6	
5008b2ef-d5b5-411a-8b4e-e88516538af9	PB233
50183975-eb97-4b1e-b4f0-3e430191994d	
503211c0-63f8-4e31-a8d4-02f0b8559d67	PB463
507f01aa-cb74-467b-b6d4-83029239c443	
514dec7c-39cd-40a6-ad76-040710b7ebf6	
51538cd9-6418-49aa-98e8-70c9c26880ed	
5160f575-b652-4c47-9c4e-092ef70ac329	
51947347-20a4-4253-a9e1-2506b6d91c97	OT486
51bc5f2b-0d25-421c-9645-4b1d2964ee4c	EA243
51f48d41-d0c6-416b-a414-52718b5e91c3	EA1114
5205d5bc-f1b0-4540-8117-e7a747c04e0b	PB29
52191226-791a-408b-bfd1-32f7dd491849	
522edeab-9ef2-4074-9f46-29582e583f20	
5246fb2a-d822-4491-815e-9acc85c4ff8c	
5270e0ef-98c9-4a20-b59d-e266babc1e85	
52867f10-d0c6-463e-bcec-baf4b3fc5799	EA860
528aad20-727c-4ebe-bf40-1232cb4266c9	
52bb5db9-f1aa-45b9-93fc-48c44c26cd66	
52c7be9c-05b7-4924-ba30-885f0d554d6e	
52f847fd-e37d-46bf-bc9b-8915d0b77284	
531766d9-4ec5-4fd8-bb86-a479a0107254	D69
531c659d-3eb5-496a-8413-df0ff5414d70	
531f7186-c2b0-41ca-bcd2-13f7827399b7	
5322f28c-9c7c-440f-8994-c199c3cbe203	
5327851e-43b8-408c-bf83-a00d39f58dea	
5342bc0e-e3eb-4f6c-9d58-ef614bcdd205	
535a4d9d-b324-4740-b892-b6255276fdf6	
5369eb2c-352a-4e57-b73f-977b8684a339	
53716b9a-6be0-4909-a7f7-b01f6862c38a	
53d6e2b8-19da-4ea1-b0d3-c0e9c5da75b3	OT936
53f7455f-e68b-441d-85f5-1a0e96d37709	
53ffbd97-6be6-442a-8805-484bfb54f042	
54514bd1-40ab-4f84-a286-da5711b0b4a2	
54b110d9-f853-44a6-b8a6-d3756ce3a72e	
54b8bec1-7b85-4ed3-8bf3-52fbf9ce328f	PB1118
54f7b697-573c-4bb1-95a0-2dd7b975af7a	OT787
5507c123-e5b7-47d0-a255-454c319d2781	
551aa671-f295-407b-a880-bb4a0ffbf465	
552e6039-a946-4002-b753-3f74a072b00a	
55371edb-b2f1-45d1-ba10-d4a03e2c23d0	
554b28c6-651e-4fdb-9613-3111b4d323d6	
55a0a905-015c-4bb3-828b-798e9fbade23	OT205
55bdc8d2-c66a-4178-95a0-e6cce369047e	
55d9183e-9f14-47dc-9314-4632fc8ed8fd	
5608ab19-4e8e-4d16-b90a-f7382fd9f8d7	OT223
567678ed-130e-465b-910e-c10df8dc3ad1	
567fa41f-e263-416f-9455-0f673e44faa1	
56a02252-a713-46dc-8912-cb9d042e3297	
56addc06-2534-45db-acb5-41f007310501	EA52
56cb219f-efaf-495a-be0a-6d3cb426973b	
5709cca3-df58-464d-97a5-1aa5c27b3688	
573e860f-7c1b-4e76-a485-b144617533b9	
575d7869-8ca9-4917-b880-8e3d2e4d5312	PB134
578e91b4-c929-4f80-bb54-893d02710b64	PB171
57b63f3c-937b-4d7e-a4ea-95d6b03cf3df	
57c70835-3387-476a-a4d9-76577f92c8eb	PB253
58011ef9-29dc-4729-86e6-82b86d5376ba	
58044e1e-1c5d-4aac-86a1-7434f22b0c4d	
581f1b89-b904-4dcf-b915-b907416a1575	
5873e739-278e-42da-a0f4-2d90ad628403	
58a35214-8576-416b-8f9d-2a73ced98024	
58b62ac9-7a68-426c-9568-e44dcb59651b	
58d0bfe1-8404-4d5f-823a-15b6f2c9bd3d	
58d8b70b-275c-4924-89d9-ff3942e4c953	
5903ea44-2962-4f98-a8c1-130fb770ff0f	
59162dbc-de66-4065-b65a-ed624a3020c5	
592dc0af-e640-4926-942a-6c140fc88c83	
599ff549-049b-4341-8b3b-27db5466885e	
59a9eec5-bb39-440a-807f-f3fa36143413	
59e25c2a-d037-4e1e-b95f-0cb481eab7e7	
5a1138dc-354b-41c2-89e4-ec3c2218bf93	PB132
5a153dd1-b5b5-4036-9706-8a6b82b60a34	
5ac0a61e-4d13-4c92-b2c7-ba297219d494	
5af2ffb5-3ef2-45cc-8292-2311e72881cf	
5b23011b-d0b2-43b4-a9a8-fecd822f15e3	
5b237638-5104-492a-8741-0df9a368c0cd	
5b6cff0a-57fb-4c66-8744-a644b63fb432	
5bd1083d-5e9a-4f10-9399-8328bffbc218	
5c3a69b5-c217-4f66-99a0-45f5390c99a2	
5c64b523-3587-454a-a998-0f009ad7c585	
5c724965-8c8b-46b4-911e-fb85b21d2d06	
5cbdd6d0-2008-43b9-979f-5cba428bce0e	EA956
5cefff22-3190-4bfc-b9ad-6af07130683e	
5d17b946-20c7-4285-8f95-6e9d30bc047d	
5d4432c7-ba77-46cd-8d9e-fd24b2b7c731	
5d6796e3-6e24-4eec-8695-30cdba1415b3	
5d742275-ad52-4ff5-a2e3-c16794b45999	
5da20fe1-6fb5-412f-b710-ef4de59974cb	PB481
5db6e904-ea2f-42a7-93bd-a61da059246f	D17
5dd3028e-3862-4e2d-b24d-ef792ea53201	OT1067
5e0c491b-0f85-4e67-82fd-5ac4a50f862d	
5e31626b-f5e3-4546-a4ec-d9cdf8c03a52	
5e3fe168-abca-417c-b88e-83580a017495	EA78
5e6df657-4132-412e-8462-272610c36ba8	
5e931d98-ed94-4ff6-b21b-b83a77fc4b9d	
5ea7a4ac-7455-4ab4-8296-b6b600bf9b6e	
5f128fef-3c43-408f-ae73-dda765d5265e	
5f4236ac-32fe-478e-bb80-e7b52a175089	
5f6ced92-4dfa-4cbe-8d2e-a62db573f6db	
5f802df2-b43d-4c8b-9411-d3b8fc27a661	
5fa5e450-fa49-4cd8-86dc-64162461528c	
5ffb15d3-bcf8-4526-b558-993c2573ad38	D1198
601951b2-9a83-45c9-beea-9ab82bc4bc97	
605eeb68-fee8-45be-8b0c-f2b132f8f131	
6074629a-d815-4c3f-8d55-5b768832f877	EA56
6098b50f-69f2-40f3-81b3-e6bd707cc647	
609c5a75-4967-40c4-959f-620d029cd390	
60a8551d-d040-4f66-a446-0006afed1012	
60bd69c4-d87c-4d13-9c8c-5c7f117e3734	
618a13d1-7395-448d-a18a-c7364266646c	
61cb3340-bb40-45bd-abdd-1b1c884dbb44	
61ccfe43-4b81-4b61-a657-6d8e9e01bb7c	
61da1e8f-9c37-4130-858a-6a85faa80c92	
61e6b9d9-4e63-425e-814f-1e4cd59b9882	
62474397-ebd4-48ca-9358-13756ca91221	PB195
624a79f8-5b9f-488b-bc2a-bdcdab25c5fd	
62aae08f-589e-427c-97f1-9ddca5523c53	
62eb67f1-ab8c-472a-adb2-dad0515293ad	
6309dc5f-9496-42fa-8db8-b0b34072202a	
63103e2a-5743-44f9-a087-492d04782fb7	EA784
63163668-d843-4a83-a121-1ad73390f611	
634aeb95-413f-4fde-8f2a-c6e3ca673ed3	
636f4913-6fc3-4cda-9770-9dfcf3219583	
63a1df3f-90dc-4fa9-9e55-342ba86c8c49	
63de012e-d45c-409f-8966-27c65c51b21c	
640ddc5a-33f9-4e8f-a350-a0635007e4fa	OT834
640e75db-9b14-4a35-ba77-7215fd205315	
6411e073-9bbb-4a41-992e-c50c3f6d7692	EA917
6464069b-09f8-41ee-9bee-cafa8a72e481	
64a7a5ec-4b4c-4c8d-93b3-1b4e54b81f10	D23
64cf9cec-8d81-48d7-ad06-102377d64764	
64fadeee-f6a1-4309-97e4-86e230c6f898	
65142f18-e87c-4e4a-995b-2e230581656b	
65283a6a-dfb0-4889-ad43-22b47c9c9e9c	
652ec0ac-ffc4-4390-89a3-566c4921555c	
656c27a8-e920-4e13-9a0e-6f462c084e18	
65a77076-ef83-4a6a-87ce-b8864f605a7c	
65c65fe7-ff2f-49c7-bdd3-c669baba5d2f	
65de9a2b-7c1d-4127-ae1f-7d70ff6293f8	
660096ce-8c8f-4b78-b987-b6d2ed415342	
66299126-76fe-4969-8f47-0b8928e2cd01	
663002cc-ebd9-4ae7-a46b-6f16e823781c	OT313
6646ef77-3e82-46e5-99e5-467605e77448	
66bc0b1d-0357-4591-a829-b239ba850fde	
670ed272-5d8d-4ff2-82b5-d2b97996a561	OT926
6749fdba-5a1f-4aa8-9bd9-df586736dad8	
67575680-b5f9-4566-84ce-e9c0706e75e8	
679a9f85-9a24-4ed3-ae5b-be180fff321d	
6852715d-890e-411d-8cd6-7d5ab821c906	
68598549-a442-4877-a591-4d60a8502d6e	
68831c47-1de2-45ae-a241-f50233f41a9e	
68c7a194-d04d-4f1f-8ad1-251e93864062	
68f4d125-c757-4ef4-9689-eebe4372a582	D19
6952e207-496b-42be-a728-1dd0f07c162d	EA63
6977cca9-63ca-4fb1-b94c-4a5740d4a0d4	
69e2d543-0043-465c-ba2c-4bd64a340aa9	
6a1ab759-5cef-41d3-93ba-b6bff102bfd1	
6a31de4d-b52c-4704-8189-04440ab949b1	PB461
6b157fec-c91d-440e-8dd2-96ca675e2653	
6b1c6f01-7423-42b3-b025-415328ca1249	PB264
6b1c7cd0-f542-4269-8385-3c4482baaa50	D13
6b40ec8a-bdcb-4926-9a32-3a90347fbf42	
6b52cd4c-0460-491f-97e8-9481ec430171	
6b65d7d6-5960-4036-8345-aa680db80f97	
6b694e61-66c9-4cca-8eeb-75b2b0c66c4d	PB57
6ba3a546-9d33-4e2b-887e-5310d6b561af	
6bb8ff6e-5e8f-429f-b9ee-3ab7f50cc301	
6c2725a5-0feb-473b-b809-6715366935ac	
6c4a29ce-a4eb-48b1-b989-08f9de8e0972	
6c6263fc-bbe7-43cf-9907-cb5aad52e872	PB28
6c8e1ba7-ba29-465a-b5a0-92940b2f04fd	PB291
6c94d09f-9cc5-4d48-8302-a3a169a4e0e5	EA40
6cc2bb14-e147-46d6-abcb-1cd3f07b29e4	
6ccf670c-b7bd-4bd2-abd2-cf5d703cbcfc	
6cf941f2-0428-43a2-a54c-ac3794eecf93	
6dbb4417-bd99-4570-bc2d-2ee29b10c169	
6dc27d7a-c166-4763-8148-27adf0774080	
6dc87f0f-36a1-4c88-a511-91b46c79eb81	
6e2aa46e-e678-4ef8-90af-e1dc030b0dd8	
6e3c4798-293c-41fa-8ed4-7de2c982facf	
6e400468-be83-4701-91a3-e420e97f1221	PB135
6e4da6c0-51a5-4fe1-a689-503bfb20c232	
6e90f320-bb22-44da-b172-c2ff8d7620c1	
6e99187e-21e5-4542-b4e5-e1871fa8e595	
6eac7b2f-d700-4acd-8fb8-a95a3fd3af67	
6ef4191c-1bc4-40ed-922c-8e9cfa44aa10	D116
6f03c4e3-da98-441c-9075-2a28218183ed	
6f07d31b-bdcc-488e-a42d-133b013b7457	EA692
6f143909-8ac0-4392-b103-6c138bc94776	
6f202a9d-d921-4197-b535-9b9d990b60ef	
6f2f8422-6935-44fe-b395-664f04701273	
6f338ea8-7b22-4b26-92ba-4346103fcbed	
6f538c3a-a2dd-40ff-82e8-5522be1c5548	
6fa01175-7324-44a8-8f4e-b314a4c5da9c	
6fb3ac24-11d5-4cfb-a516-f6f94da6d029	
6fbaa420-832b-483d-a6b5-6b8c77baedc3	
6fbbf728-9b7a-4435-9280-8267e6730ce5	D609
7003c85e-dc20-46a1-9d10-fcb9ce22d019	
7014a984-5bc5-4a50-8ae6-306122e4ebed	
70623734-6311-4d72-831b-2da1a48bea65	
706ade81-2d8b-4ffd-a266-561ea4af2636	
708385e8-3ba8-4b35-95ed-4803b15af888	OT1081
70940f8f-eeb6-404a-868c-72594ff09c99	
70a0fcca-e08e-4d97-8c68-c8f9dcbad8fc	
70a58098-7471-408b-8c92-8a171a607f57	
70ccb312-8582-4a1b-a138-53e22d9e9a75	
714055e4-3962-469a-8d8f-6f76669fd501	
71c5866d-dcdc-41cb-ac9b-35f3124800db	D117
71cee76b-f171-41e8-a8df-54e06d7454eb	
71da64ce-8f8b-4cef-a9bd-f0d3a81aa1ba	
71fc7773-eb85-4055-bd96-44e17ce4aa9d	
72155ce7-f3b4-4211-9175-6c86703d7e6c	
724a11b4-4418-40dd-a40d-1042a6e05a98	
725a8290-a1fd-4a20-b2e5-053f08ca18fd	
7274e706-ca4d-4b76-8eae-17c6104ae231	
727eb67a-6bab-4e26-a6c5-d69c6a1167a5	OT1215
72e58f52-5fc8-4ce8-a2c8-680c4c5dd648	
734a97ad-0ca7-41c5-8d42-bb97502bc64a	
73afd125-26ea-491f-885f-e1006d091d1e	
73bf2471-2d50-4e99-bc2c-38223e39b0e1	
73ce76bf-663e-4b31-a1bf-9d3408229f76	
7454f6bf-47f2-45bc-b6c1-cad27bb12b52	
746a05e2-9994-405a-9c23-76db2c18274a	
74859bad-b941-4b2a-828d-c8bea814b656	
74f8547c-a1d6-4c61-a480-0357d1c3f905	
754ebb60-2903-4ff0-9943-c1eb743f5fbd	
756a6567-d6f8-40d9-869e-e9e87243f958	
7591c965-8a1b-4cf0-93dc-02b2b969dc83	
75c4ca1f-292a-409f-9214-d2f221e8ebf3	
75db4000-3a7a-4df4-b43d-aa5738445933	
75e6ba25-0794-4b7e-952e-66838a632085	
75f3ce1b-2af0-4da5-a0f7-8a9a947c75b8	
760bb9f2-a8ec-4bb0-a0f7-2f8e7442d615	
76733119-40d0-4559-8e39-ea2295ec3119	
76a253cb-b609-4c11-af19-84173eaaa9f0	
76cc8570-e9e6-4595-980a-86c2069f6446	PB263
76d92b2d-7f33-45f3-adb0-a3be5c57640f	
76eee881-fb86-4e56-99bc-cd1ff0a209a5	EA61
774f0153-c6dc-48fd-b0e9-bad7da822c43	
7753d57b-5e32-4dc8-a04a-231cfc0a377e	
776f0897-ded1-411a-88c6-e8687ccf3875	D38
77d52976-a3a8-4615-920e-c34f24204cc9	
77d9fcde-01b6-4608-9afb-43439069a4b2	
77f06668-f61d-4917-9484-3802b299c2f0	PB358
7808f556-1136-4a64-b292-6467f0088ab8	EA932
788bce2a-43b1-4fd2-9725-1edc9df22de5	PC163
7897def7-20cf-48fc-b75b-ad5593e51e31	
78d7d67d-14ca-49ab-894e-aa694d472d0c	
790be532-9c3d-4f66-91a2-7a6d56c2ccb9	
7961ce7b-a7eb-4445-8bf2-9a729aa739d5	PC343
797d1ccd-e07f-4ef5-b91c-51aebbf71e0a	
798585ed-f6ef-4f72-9e3c-7823b16be297	
79a54ea9-1ab4-4cb8-b642-fb22dcc833b2	OT316
7a367e62-bf1a-46b3-8ac6-ea9f30e4dae0	
7aa7133b-d845-4d96-a94d-56288bc37086	
7ab3e695-3e8a-4c83-82dc-4691c8aa2f15	D753
7abe103e-f08c-43e2-a332-c65df4809071	EA31
7ac27539-165d-462f-b2f4-d33050501892	
7ad23da8-c49d-4d81-bf85-5cfab52ba143	
7ae707c2-6793-400f-9cf3-c1fa1f90426d	
7aee3ece-9c61-4e0a-a30f-95151a622cd4	
7af7cf5c-ab2a-49c6-aed9-38e0a6d59bab	
7b00e420-2521-4a10-9740-e80239aa4402	D5
7b2aeb94-cb24-46d7-854e-6dfb20cfdf8f	
7b32bd78-e0c9-4c05-9286-84675d5db07e	PB133
7b637f82-32cb-42a0-901a-fc96c602a512	
7b675a9a-1293-4ad6-ae7b-b4f388c649f4	
7b9bddac-ab08-4b8f-a561-2bee115032fc	
7ba52eaf-30d0-47fa-b439-e6bd2d28e4e4	
7bbcdc7a-74d0-4a53-a07a-2c15bd7f6bd6	
7bcec421-f868-4484-83e8-e3305a883a3e	
7c19eb86-eaf0-412f-9666-9a8938840733	
7c4a5715-12d1-412b-bcf3-e9e45595898c	PB414
7c5d9602-ba1d-43c1-9005-f4bf8aa3002e	
7c71d51f-a5d6-4021-a111-b9ec973781d1	PC469
7c8d49f2-8812-448a-a22e-9f3aaa8d1d54	
7cb7be4b-42e0-4f91-8ee6-da0b8fa62650	
7cb9a75e-2cbb-4dfd-8786-96a56a6265b9	
7cc5548c-3dad-4490-a306-86975d32d8e2	
7ce441fc-3992-4d95-844e-fc2e42833ebc	
7d08f095-6b83-48dd-b2a1-21568c52c14d	
7d0eebae-a81a-4c54-ae38-d2af8b5c2fab	PB190
7d89e078-0474-4cc4-9ba7-eb22432ad664	
7ddd8712-5b72-45d4-b200-e74d6a8269d2	
7e8f8025-72f1-4645-a644-5a456d8a94d6	
7e905728-3b43-4e44-9253-034af65738bc	OT1088
7e912f56-1fe0-4d03-9273-732a7b6f4d51	PB198
7ea16528-02e3-4fec-a08b-b9a840d86a9e	OT961
7ead0540-742c-4c0e-b791-2fd18de43d16	
7ec70854-4f00-4b55-bddc-3ddfd964dc7f	
7efc5f2d-93e1-4f2f-82db-0fbe55185490	
7eff45d4-fd67-45a9-93c6-59da2e812911	
7f5be0fc-76b6-404d-9c22-703839515760	
7fa79baa-6ca9-486b-bb3d-1f1c2ea8c7ec	
7fb85c0e-17b3-46d5-9cb3-383dcab0214d	EA86
7fcd7e28-1baf-476c-9b8d-887b361ca545	
7fd5e390-3044-4ca3-9809-b5de0e3c9b1e	
800d8487-3165-48d8-9dae-bae03f05777b	
8011259e-de10-49e4-a010-169eb93d703c	OT217
804b8845-a2ce-4a3c-9740-9f089fd3c135	
8063195f-f054-47e9-89e3-0d155830ec31	
810e4428-6037-4fc9-9c41-2c457691ac76	
812bed08-f738-44f6-88e6-113189ac16e8	
812ea69f-9514-42af-a18a-f9e142af5581	
814f4a3f-a3ac-45c6-979b-db7673eda2da	
81d764f2-eac3-4da3-beb9-bafbdbbba9e1	
81f28531-f86b-4232-8750-3d12f63e7c0d	
823518e0-803e-407e-b0a9-164825585272	
82d3b529-bdf9-46a8-a735-10cd376bb9de	
832269be-c22b-4e32-ac9d-4bffa5a95036	D241
834ef847-25ed-4115-b0df-3901d2be2052	OT219
8361a675-6881-4b3e-a16a-96ae79f3c877	
83790dfa-f6e4-458d-9bb1-a9e0cea18ed0	
83a4f68d-9f4f-4331-b68c-61a7746a7f50	
83cbb68a-814b-4fb5-a7dd-c9ec6c5fe455	
842d6905-acfe-4b49-a1b8-f29bd50915b0	OT430
843d1d69-29e3-4c5a-9ba8-14b3e5f444a5	D18
8452b2a1-ad09-475a-967f-84a1ac7826d4	
84711532-7f57-4a7b-abbb-7719d323a89d	
84a80d95-a1b1-47e9-99d5-18a163809aad	
84af575b-71de-4b6d-8ac3-177b03691c62	
852eb070-dc84-49e1-9e4e-cd49f1504ec0	
8549022f-fa16-43e4-a56f-6a45ca875199	
85650ccc-1aae-4479-a498-1bb640158893	
8568e5d7-c6b4-480e-b44c-2c6bc566de0d	
857edb12-98cc-436d-bb04-8daed66b3f27	
85fe1c0a-2660-4cc9-a4e8-165bafae3a9f	
861abeeb-7f51-43da-9b9c-eaf363c9a356	
8632c616-0c50-40c0-9ec0-04515330e21f	
865412c1-3f55-4b0e-9fbc-9202167140af	
865ca7c6-4cce-4632-8851-c6e9b255e560	EA37
866f4088-ae4f-43b8-ba8c-6d3141a327f2	
868ce98e-6dad-4980-9b91-805f7706f79c	
869f79ef-3ce7-4e3b-ad87-48d8e0e7ba4e	
86cb6d94-27be-4f99-b8b7-71899b942e39	
876b7a8f-63b9-49a0-8feb-951fd842485c	
880c66f0-0450-42c9-8a24-de8686fe68c4	
8845ba47-205b-45a8-bd03-e2a7738f69ef	
8884f708-33e0-4257-8816-b4f5af5107b2	
8914183b-d82a-4ac4-a0dc-93ce35adfed9	
89383fd4-96d9-4837-8547-f494c952f6b1	
8971b757-1df4-4f63-8761-b8718464c285	
89fbb174-c132-452b-8f73-20ceee731d0e	
8a0e2d9c-6cc1-4d16-bc11-19655e74f6c5	
8a2e2d63-b661-4245-b315-e9de4b505ca2	
8a42de85-ce0f-431a-bcdd-8c88218644b0	
8a8f7751-80b3-4441-99b7-74248a9401a7	OT545
8ac3ac07-b93a-4b6d-97d7-9b86525d1e86	
8ac82a8f-dcbd-46ee-95d1-9c8c18277f28	
8adfe251-4574-455d-ad7b-2c743c2221fb	
8b013bf0-7a45-4b19-a258-6aff681e0e16	
8b14298d-040d-4650-b202-56cf56bcb14d	
8b28b117-7f89-4fd7-b4b2-98a7b01d5529	EA60
8b3249ae-3614-4ba7-afd2-d4db3ca6d91f	
8b6508a5-cb8a-45c8-93da-299295684f30	
8b88dc10-8449-4608-a8f0-0b92e1df479f	
8b8ab05e-4fc0-413c-a5d7-ea83f5beec68	
8b9c2605-f820-4ab1-8a29-0ea289f103a6	
8ba939dd-01c7-4a79-a9ba-01a68b1d9dc1	PB290
8bcb31a9-a911-436e-92ca-ba1424c53183	
8c4875da-2489-4212-9b2f-504a77522052	
8c727954-24f9-498a-b3af-fb8360994d7b	
8c92df7c-f151-4f01-8371-5ee6763b7d74	
8cf24aed-4b1d-4dbe-82b9-f7f53d745963	
8d06299c-9f33-4ae3-9815-e3c37f43e19c	
8d5a49d3-a94f-41b2-8f71-ad49c25e0060	
8d8e7977-4176-407b-ac70-2c3c8208973f	PB196
8e02d3d1-3b80-456d-a648-b1ad96e462a9	
8e101cb5-36a0-4a25-ace6-d2f30b8546bd	
8e516c71-5d05-4849-bbbe-843fd01a60fd	
8e60d975-a49c-4019-a665-27024b42019a	
8ed49062-f980-4bbd-aecb-909e71576938	
8edcd266-1f5e-45aa-a1e5-9fa3230e1d34	
8f21868c-88e0-4087-a94a-5eafde7babb1	
8f45940b-a372-4709-9119-cf19ac249ede	
8f9be7f9-59ae-45e2-9512-c68f27d166e8	
8fe07c68-43cd-4a86-8a43-43d7f874e04b	
8ff8ce35-c512-49da-aad4-9e9a5cd0f449	OT506
90004323-204e-4afb-bde5-40d46f44aa04	
901e4f99-bafc-4e50-a367-b9cbdd4de017	
9065477d-fdce-4b7d-b111-6b4a7c5e72b8	
906d0814-f75e-4d97-8453-bc4c28ef3590	PB122
90804696-e54a-4a91-96e6-731fcbb17990	DA1021
909dad3f-e9b5-431d-95f0-d64efa9408be	
90aefa0d-0e92-4895-a7fd-c1adb2b3f14f	OT1056
90c121a9-6a5a-412d-aafd-552e7fd82714	
911b5bc7-c532-48b2-92cd-2781edcdc5c7	
9125b825-7653-45da-b82b-06e2a655e203	
91d1f47c-cbc5-4f2b-9133-174f84e204a6	
91eeed6c-382b-41b8-b46e-c5b5941af346	
9210eb47-4a5e-4c4a-9edd-8f8466a21f0e	
921cb31a-e838-464c-a78b-4992348e3507	
92219d50-47c6-4792-9a6e-16f77ae9457a	OT269
928cbbd8-38fc-4481-ae35-be0af7b7c557	
92fa850b-c2fa-4ee1-b6e1-18373cbac597	PB503
93062161-796c-4cfa-80a0-608cda55ad58	
93294069-f734-48d7-8d29-b5c58edec9cc	
9371c689-7751-4125-afef-18b4d504c74e	
93810adb-b4fe-4411-a779-4ee4f56998b5	
93827c6a-60c2-4ca9-9280-30735094dec4	OT1075
93b06393-6161-4d2d-87b6-7c5a6bd2cc88	
93d44489-3643-4d95-a289-2a89d6f08b2f	
93ed5df0-1c99-45de-a354-6d223e310270	
942df22e-fd3d-4b1b-a770-667c9be67201	
94310927-d56a-4db8-96fe-af0bc22ebdd6	PB298
94416e47-2fdb-4ce9-9c92-a201b7d56f78	
945c6492-019a-455f-90d7-595c7884ed38	IM325
947abf42-39f3-4793-ac62-dd07dfaf5244	
94e35356-fb85-4943-98ef-782dd20daac7	PB415
95408e9a-ad5c-4d6d-8d40-accce8277535	
9549b951-3793-41c6-ad44-5976d458a62b	
956bf799-3b25-46b2-8e51-5088aedd144f	PB172
957681bc-e9d7-4647-aecc-31ed53ce2c0f	
95928495-2cca-4d7e-8783-16788f5cb02b	
95de9919-983a-4f31-8353-78f791f20901	
9611e69a-6072-4b02-b34e-5053c73680aa	
969a9e9f-0c9d-49e6-9d2b-84b9b3b8183f	
96acb402-40fd-4209-b5f8-676a5ba6d1f3	IM332
96c45961-16ac-4e8f-bc75-d5ebb0c30286	
96f60a15-47c3-4877-9ddc-8d379523b7a1	EA58
974c2469-c62b-4fbb-8294-ed49ec851fd5	
977a6df4-ab0d-4d07-843c-b0b40456402d	PB246
97e07516-c6cd-4c9f-800a-4a67362aa75d	
9808550e-464b-4f0d-8992-42c8f42716f6	PB166
9845faad-78b0-4119-b846-dde7f1299275	
987d93c8-345c-4a22-9a79-b845c6876c3b	
98881977-66d9-4cdf-a9fc-bd5e7b3adf95	
989b99b3-6448-457b-aab9-4e213f1e2db1	PB168
98dcd64b-7320-4186-a23c-e5b63e2ab1e8	OT850
98df6740-5621-4e77-b5ba-b9c28ecd464b	
98fe6ae2-6b81-465e-8eb0-96fa2720a03f	EA365
995e8cfd-c5f0-4e51-830d-8e385f5a5017	
9978876c-670d-4949-b212-a015ef834403	
99f97a41-7411-4666-a764-b7180652e491	
9a50f475-e218-4213-a27d-dd21dec24928	
9a76e0c9-6627-4f57-8899-0a0c361acd91	
9aa91371-3fcc-440c-8e9d-3c9e2520b7e1	
9ac46999-b6db-4ee2-8a4f-9cd5f6ef9448	
9acf303b-36fe-4515-8eb2-06b0bcd8ca31	
9ae12c8a-1406-4bc6-b79e-803d226b767f	
9bd5af6b-63e5-494a-a8e6-37da5c9b7751	
9c0783a1-7820-4220-bd7e-f3513ca04d5e	
9c20feda-1bbc-4111-838e-4241b2e287ee	PB317
9c6eed28-0306-4536-8c5d-82feae270caa	
9c8da1f1-bfc6-4ea6-8f86-b48909997377	
9ca492b1-ce35-4484-bceb-3edb9840d754	
9cc9f81c-0c1b-4fd4-a158-31cc1107817f	
9ced6c39-3e06-465c-b8c6-46e0f39ee514	
9d037de7-8a70-4ea2-9b54-856cf5854bf3	
9d1b9a00-d743-4008-ade0-73db26ff5cef	OT814
9d416cc3-786b-4955-94c6-d03b8b9aeae4	EA74
9d8d51bc-5897-423f-9550-fcc034a40842	D748
9d953e9c-4447-4b14-8d73-053f203249a9	
9da36f15-e68c-4278-a68e-1c48273aa833	
9dae28b7-577b-408b-89be-387026be60a1	PB474
9ea0a00a-e6b9-428c-a6b0-271733a54155	
9ea160c4-4e17-4b49-af74-155c64fa0df6	
9eb7fee2-76d1-452a-b915-68989e3a731a	D10
9ed34001-ef74-483a-b952-5bda217f37bd	
9ee14f44-7397-403b-a0c3-41bfb0db0e19	
9eea3651-332c-4f4e-9f61-797cafd2fee1	
9f3793f5-ad3d-45f6-9150-ad32c52aa738	
9f7f3c2b-fc1d-4569-b1fa-5826e638c3cd	PB356
9f9d6a3a-0977-4ba5-9a50-63fefde18341	
a035f04b-34d2-4770-8584-dd7d7dc453e7	
a061402e-ebcb-4423-a21b-bbdb0ef9b4ad	
a0ca7d94-8603-4c71-9594-961b58d204f4	
a140b243-804f-4859-bce8-ba84ab15b060	
a1441e35-5ef2-4eb2-80f6-affd157900db	
a18129de-6eea-4288-b90b-364b6a9b322a	
a186616b-c460-4c82-abfb-760a599434a4	OT916
a194e5e0-5874-4df4-8cd9-6bd8f0044e3d	
a1c6329b-153b-4539-b882-0d034b5d8750	
a1d51e04-a2b1-4daa-9f9c-6f5c9553cc91	
a1e8efde-5440-489c-b704-4a3b68ef6c05	
a1e904c0-c067-40fc-b8a2-621ae32918aa	EA79
a22f56f6-2c7c-4d28-bd2b-479286c47bd7	
a25ce7f1-a10f-4144-bd72-36d1f869ba93	
a2834414-5083-4b24-a951-81d1c8813a40	
a2d34232-da9b-415b-bd70-0e37e521d7ee	
a2e3b560-7211-41ce-921b-c1cf70a86cee	
a33ff6da-f817-4275-ad76-9d986b6bfaca	
a35075f9-a0fa-4ef9-9b4f-480df660991b	
a369de32-021a-448a-8e0b-9367899ebbd7	
a376bdca-75be-4c44-8157-5459a7cd1f3f	
a3969e37-3ac3-42fe-8317-c8575a9f5317	OT496
a3c15115-4435-4011-a5d2-95e1372e7c9d	PB355
a3c313d4-431f-41a1-a4ed-aa931377e19d	
a3ec3d3e-6d92-4640-a0f9-b7602e93c2c0	
a42aa1ab-8fbf-4fdf-bbca-07570caa1cfb	
a44e4eb4-1564-4253-a51e-14d0a354cd67	
a4d91d3f-a8a4-4af3-8e1f-068afe6a535f	
a5021312-65da-44ca-854c-6a8b081b21c0	
a5afa3e5-874b-4e65-804a-e8b82043192f	EA790
a5ce923c-cfac-40fc-81d3-3238997e09cf	IM335
a62c0bce-da47-456e-a354-0e18c365cf09	PB167
a631b6af-d119-44d7-bedc-acad82256afc	PB131
a6485c8b-431a-44f1-baf1-1debee56c608	
a6549b54-0674-461f-9beb-c0334cd59d7c	OT328
a697c6f5-3b6b-4e19-8fa9-e16f033db8a2	OT885
a6b992a3-1374-427c-91d8-433ae126b24c	EA960
a6dcd919-a1b1-4719-a640-965d8cd4d60f	
a7059f6a-7fb4-4e0f-9c7a-8cd9079780d3	D7
a73125e3-fea8-4c33-ae0a-8be45de53ec7	
a78e36e0-c8ef-462b-9c40-548f667350c1	D15
a820fee5-79e7-449f-afbd-5bb4912a3636	
a85a38ca-f628-4ac1-bc5c-f8fcac68ccb2	
a872d9c3-0e08-499a-97ab-8891d77ba811	PB318
a89f5a72-fba9-41be-af8e-a4cc00eebf12	
a8b5fbf1-c32b-4ca3-84f2-c112c88b1f3d	
a924a664-d90c-4954-93e7-73684bc62984	PB181
a9af3ca6-cc97-4118-b7e6-296d7781eeb9	
a9f808c8-6779-4e7f-a9d2-4556e529cabe	
aa1e068a-23da-4563-b9c2-2cad272b663e	D2
aaf73cb1-7a44-40a0-994d-e8c82dcce2eb	D8
ab533033-5dcc-4f95-9d30-26d36187135d	
ab825ae0-c003-49b3-ae3e-39b6d3112467	
ab8493b9-4f5b-41eb-be88-5f689a79e1ae	
abcae658-1234-483a-9434-afbca0b81c38	
abd9c2d4-1595-4f21-be27-fa493d3aa3c6	
abdbc4a1-a522-4f3f-86df-31bad98d78a2	
ac11b6ba-d0aa-4c6f-8ddc-a53208015a88	D750
ac39a72a-7823-4099-a768-18ca853733cb	
ac8040a1-eb15-4752-a7aa-d4b58fcd46d5	
ac9223f9-c8aa-4c34-ab7f-23cf68e3b179	
ac9c89b7-625c-414a-8d11-62ce94c84f49	
acf48ca7-df68-41a7-a1f8-f7829989ac97	
acf4a6d4-1d0e-47ef-abb2-353d0d64c6d6	
ad4974ce-a724-443e-931a-5337f70d285d	
ad87d0eb-6f84-4ccb-8578-5a01fcfee9d7	
ad8b2e5d-8605-4bbd-b9c9-c3e5704cd299	
ad93b13e-c258-4401-adeb-50f06d1a97e5	PB307
adabb261-9fa4-428c-ab71-db8e821601be	D747
adbf8416-b162-4e4c-a7dd-f82d95125187	
ae0c8558-0903-49d4-b5ba-c401d0e0234c	
ae376de0-21f0-4c12-a27d-2298f09cfd3f	
ae7cac38-a0d0-4550-b7e2-792eba7004c0	
aece3c08-62bf-47b0-a667-fd83fc5e004e	
aeda7865-16f7-4228-876a-c63c9abef20c	
aee3c3e6-4452-47fb-a984-0e9d8f148665	OT914
af2f8c4c-6313-458c-87f7-72c841e7caa6	
af4fb3ff-818c-42b3-b999-2814920fbc6c	
afae1153-f577-45cd-ae95-5f93539e0765	
afc90f31-b9eb-4ad5-9780-308de694661a	
afef29c1-dae3-44a9-8bce-d8c9ca2cb55c	
b0251164-4fef-48f1-a22f-732a68394ee2	
b04e1098-1920-4eb8-a14a-89e93093be3d	
b0a52cc7-c158-4a79-a1cd-8d90853acbe1	
b0ac8b20-3d11-41cc-892c-6451783ef40f	
b0ea278d-ccc2-4305-83f4-0f0097f23851	
b11b25f2-ff9e-4ba5-bc0d-f09311d39227	
b1472b4f-b8c8-4ac2-9701-76995445f99b	PB202
b16dd23f-33cf-4d3f-ae28-6ec953d638ed	
b175516f-61b3-4f79-a947-8676baa35be5	
b1a5594d-63d2-4140-8261-bd0dc0731634	
b1a55d6b-e9b4-45ac-8d2e-963c0e94770b	
b1d4442e-5d3a-4876-9dfb-0ba12742b444	
b1d6b0e4-d15a-4beb-9262-258b66c68b6d	
b1e809ae-36eb-4de3-857b-8423c37c3173	
b2214f81-fd9c-47ac-b28e-67eb6726ecca	
b226abbf-8260-4ac7-9513-e3a068c80f40	EA715
b23285e3-c1c1-4736-911e-078a899e56fa	
b2b707e4-0e9c-4c22-9cdc-ba9855baedd2	
b2bbc0b7-358b-499a-aa8e-dd8519e11160	
b2d20ce4-13bc-4e29-805b-bc02fe355df3	
b323f61f-66fb-4689-a48f-2372c26f2034	
b347d47b-f443-484b-9bb8-0f3adb094d4b	
b363f7f0-d284-4334-b990-ba684fece30a	
b3666fd2-4923-405e-977f-becbe48094e6	
b37eb7e6-9a1a-4fbc-94e5-2d899818b990	
b392b42c-8c0a-47e2-8515-3438b31ad808	
b42a6796-7d3c-4bc4-87ef-458b001f9932	EA923
b4934090-4653-4fbe-b01e-cd38afea2b81	
b4acafd0-ade7-4d67-a0ec-3a30a1896f9f	D1117
b4cf840a-0f85-45e7-908f-dd750927d1c3	
b54c137c-e272-4d59-b645-181baae95ed8	
b5543439-3f57-4a75-bc9d-67df7b4a5eaf	
b57813f5-6c06-44ac-bf78-beb40e5cf96f	
b584a3e7-8136-4fac-8c7b-b7b9656e9702	
b5dbc6b9-f976-4b78-8bab-2ac41e78ed38	D1
b669a115-2f1c-44e2-93cd-419999c3fbdf	EA480
b6b2868f-a8fe-4996-bf4b-8a735f451f3b	D103
b6b50d70-9d5c-4fef-9135-7756cca343c3	
b6ccb702-1445-4604-88da-baab759a2b5f	
b6da0937-000d-499c-bd48-4d7072db2802	
b6f63964-3865-4a65-adac-bd1b2186da2b	
b7604054-3122-4f80-8c2f-2a43999af2e8	
b7934985-fa7f-46fc-a251-aa7790276c60	
b79e03cc-24a0-428e-ba6a-aa00a4eedab4	EA75
b7a114a1-1754-457d-87a4-f221322aa31e	
b7cd9dde-95f0-4155-aabf-57898e28dda0	
b7e893ca-d884-4594-8f3a-08de5689f581	
b81ff1e5-bbef-4e47-af0b-e603e4799702	
b8362828-989b-4cfd-8a03-0ae36d440e18	
b882eeca-faa2-4b8f-92ae-a1447aca0ebf	
b8863f9b-d303-43de-965f-60b730362839	
b8db8163-03a1-4bc0-853e-a09f370fa51f	IM327
b8df0b53-e487-4251-960d-f147a95c0b19	OT405
b90d766e-bfa4-497b-9834-1bb9fe4a7501	
b99a3b54-b657-42e2-a0cc-78e48e478cd1	
b9c93499-7d85-4dad-9960-151d499f406f	
b9de1973-1a57-4625-bf8a-30c8b420f68b	
ba3e7221-455b-4d0e-a26e-480938ff5c76	IM320
ba60f993-2637-4995-909f-dfb48cf53b7b	
ba66279f-6424-43a2-804c-a6fece5976cf	
ba9372eb-802f-464e-929b-2e80971b81b0	
ba9db4b5-1012-46dc-935e-947e8482b1e5	PB170
bb104329-cb61-4744-8b25-f7a2be8b1c81	EA71
bb249f99-2a6f-4448-a4a5-946c00850204	
bb31a215-d3e3-47d4-a00f-f3d11653fc55	
bb9085b1-daf4-42e4-ae49-9c99575b64a2	
bb9f6a1c-d3d3-4e39-aee6-bf75ce49b5b7	
bbbf51d0-6ebd-4c71-ae69-f2c4f4492e87	
bc4d4646-f60e-4a69-abfe-46f0fe699035	PB373
bc53e516-3b42-4cd5-8ac7-22e7454307cf	
bcd50892-e1e4-46f3-9468-5f624a8fd461	
bce35ecb-d9e7-45b2-831d-2821f18368a1	PB354
bce4d678-cbca-4b47-a25b-8ec7fe3fad5e	
bd0e8ed5-dbfe-4dc8-a69b-891b30e17b46	
bd273d83-422f-4425-90c3-cf14e49ee3b6	
bd428bb5-297b-47bb-937d-ce8550363556	
bd84ff88-84c1-4f95-8f45-7938dd3df601	
bdb860c9-8514-4505-9a93-175560c02cb3	
bdd1611f-71b6-4093-86ef-6f9b02c4f324	
be614930-77d0-4002-8cff-ee656b451778	
bf5d89e9-2436-41fa-bffb-fa86ffc144b4	PB129
bf69ca97-5c61-45da-8b9f-dbbc0e61e582	
bf9ae842-a669-4741-8f08-4f8bd0d110b2	EA949
bfa3ee76-6c6b-4887-8e3c-66b0ac253a78	
bfda7168-51d8-49df-abee-21b99595434b	OT726
c00335a5-ea8a-4e89-a2c4-6816f7a30c5b	
c04e176a-f808-4e3d-a702-0bcdedf38bbb	
c05a1387-6ad1-428e-874b-8da4fc546c9e	
c067351b-cc1e-4536-b3f1-3b678c180417	
c091baad-46e5-4be6-97eb-3097a1853f92	
c109918a-bbd6-43f5-9bf1-b144c8f05d16	
c15dad8c-82e1-4366-81b4-86db86314b8e	
c18da9d4-8b30-4afc-9cf4-4f1343886672	
c1956953-f43c-42e2-a18e-9965dfdc2163	PB251
c1a3c5ca-f162-4493-84ad-82eb690a9a20	
c1f5584d-36c9-46ec-a207-4902bd96b08a	
c20fa64a-facb-4ff8-ab6d-f2dcb4398e19	
c22b1ef0-1f24-4916-9159-9591b04d8324	
c2582336-c86c-40bf-ab3b-19d4ecc2f223	OT347
c25ace8e-a265-46e1-913c-934c932dd1a9	
c2983647-0eb2-4dfe-a0a3-d449ab519840	
c2c12b1a-6128-4d33-8cd8-f749865492fc	
c2d02114-5447-4715-bdf1-b138ace74e6c	
c2d27165-90d8-4df9-9005-22bc85870119	
c3690194-5dec-490f-86ad-5690a9f35a3f	
c37f37a0-dd63-4cb2-8a1e-2058c63f4a7f	
c3843242-541e-419e-8be7-c71d1d9ba1c2	EA601
c387d61c-58c6-4a9d-b749-b73ae1d6b50f	
c3dcbcec-09f8-4e97-95b5-2fc5f7b7302d	
c405fec2-c8db-42be-84d2-9d04e98e988a	PB121
c40949a1-5b52-4df5-bce1-01edfc06a900	
c4243069-c5de-4064-8a30-c89f70db9a67	
c42d1446-c5a5-4f42-984c-9e261dc893c2	
c4be675c-020d-4002-9d30-0c40f3ee8f5a	
c553c62b-990a-4fcc-be93-db28a6297d81	
c56dd5e8-ee90-4d7d-99aa-07a580496219	
c5858c26-6b42-4bf2-9bdd-62bf2f623059	
c59adf91-1f78-417a-b153-22056238f991	
c5b4db12-4e57-4b3b-91a1-c2026f262c5b	
c5be5b5e-a4c8-4cb4-9d02-ea6c9a5a7155	EA70
c5d67c33-ed24-413f-b8bd-5bfbbfce8f4b	
c5f971f7-8035-45fd-a532-a730e47ab1f0	
c60ea788-bb18-4d33-a928-5c2cbe994106	
c628810b-961c-4e10-8562-86ebae7a068e	
c629b77c-4027-45ce-a7c7-a9ad8668e923	PB255
c6c5509c-3920-40b8-a5b1-011df27fe075	
c6d5c14f-d34a-4b2d-a131-b06feba59c31	
c73a8493-0c8b-4cd5-b24d-5b75d13d9f0f	
c756c8da-f176-4640-950e-9c00b9e404df	
c77584b4-c822-4ff2-bba9-43ad33d29970	OT1027
c79caee4-de01-4101-a12a-c4a2d7f643d1	
c7fc4502-d3e6-4f11-a7c4-82ac9279ed09	
c81b2e86-43af-4afd-b019-75872be4fab7	
c82a3c50-5164-4288-b611-2b9730fb1359	
c8327a77-0e60-419e-b2b4-f0f58390841d	OT385
c835a877-cd15-42a8-8286-d6593f57f92e	D853
c88d615f-bc78-402b-a2d4-8be0aae6d6af	
c89ba676-1843-4d23-bec3-7c5c01e106c4	
c8d56729-fa90-4395-9715-e5b05697cf5d	OT947
c8da4839-ebfa-4dd9-8900-aaaf56a44771	
c8f41f32-8d14-4c1e-8a05-a4bebf3d3429	
c924c995-e063-4f30-bbd3-61418486f0a9	
c92696ea-8bb0-4e10-ba69-d573ec1fea03	
c9b97267-2606-4e27-87a4-a58a21548b5d	
c9dab5a4-1305-45a8-b4a7-c22d4bc25a50	
ca0457bd-7298-420b-9c33-c4ffb5f6962e	OT938
ca09abd7-4d99-4876-9700-22595edd86e4	
ca8ee309-a2d3-4fee-a683-58f23b93d842	
cab07a0d-a07a-4ad7-8c21-501dabb5b082	
cb21facf-528f-4150-b146-3ece1bc6d4a2	D854
cb4d770a-ec42-438e-be36-59a85bb7bcc5	
cc729301-4fc3-483c-84a7-35f3b182bb7f	
ccc7a1d4-1b33-4699-99fd-444ec33c97d7	
cce44497-82f8-4e3c-9e41-556d2b47115d	
cce8e864-2edd-40f4-90f0-cac5e534b5b5	
cd937140-1310-4e2a-b211-5de8bebd910d	
ce09e31a-4777-4a63-90e9-d3571c563380	
ce440659-22bf-4919-871a-d6a8685309b3	OT429
ce9ea492-bcd1-425f-a558-39fd29784571	
ceb7e8dc-fe23-4db1-84a5-760a34889cd6	
ced0f409-d5a6-48d4-bb53-b820200229f7	
cf285046-323b-4e1e-85d7-695bcd9bb43f	
cf58433d-c4be-461c-b10c-086e2b3e8dc9	
cf5e0e6f-cf60-4b81-81bd-5199ad444051	
cf66c9b8-a1c2-4dfb-afbb-0ce82f3c4ccc	D109
cf6a1cf7-345b-409c-bcfc-e1288b79c956	
cfcebc5e-8083-4c63-8743-d4a934f87d69	
d0149ce5-e526-4c09-8230-c8cc6a687f6a	
d01f7c4e-8812-496f-a3da-15b7aaf6f4fb	
d0770619-b5b3-4fe6-b265-963eeb9485fb	
d0e92382-d8f6-4b1c-a0fa-040591ad5f1d	
d13e3ac5-1b39-457a-9a4b-b968b8f6af5e	PB138
d1d1197e-5528-49c5-89e0-8cea720a40b5	
d1e64d54-9ad4-4bba-9ee8-8c6736ea0751	
d2746065-1059-44b0-86b9-78a616da1532	
d31877c9-1363-4696-87dc-bf6c99073043	
d3600188-91a9-4ac5-847e-bcf31afca1fe	
d3b19add-e2f9-44dc-85e6-83b55bbce267	
d3bb54b5-4289-4ff9-9546-ff95442643fc	
d3e2c2a8-2a07-44e6-9a6c-85b3e269a353	
d3e84f58-1eee-417b-b319-8cb21a9bf891	
d4255537-cfe9-4ecd-8322-aa806760acd1	
d42dbb99-dc95-412f-a08b-25aaee8637ba	
d43e38a2-cada-418f-9ace-ec34bfcfa293	
d44d8791-3fd0-408f-af2b-6719592681f7	
d481a373-3b61-4df5-8234-e333f83edfef	
d48a11d1-6272-4e5c-aa62-7aea1657da31	
d48b8c09-339f-49bc-a030-f9bf16be6cdb	OT559
d4bdbeb6-620c-45a7-af21-9f405ea3dd65	
d535271c-a76d-4af2-81e7-335b5da1a2bf	PB201
d539c29b-2626-4e04-8b28-ef7eb54eb339	D102
d5a322b8-abe7-4261-b5fd-4450912e164d	
d5b50862-3f2a-4b7b-ad85-841b6def43be	D303
d5b7b0c4-0e08-4264-9483-f2c2fbe6d664	OT411
d5c1fea0-f01e-4f2c-a553-4b605d80e6a3	OT1082
d601a1fe-8766-4f7c-9c3f-c307ba6f94b4	
d615a457-c8a6-4474-9974-02171a5de623	
d65220a4-e84c-4aa1-beab-0ed4f8c9adfe	
d6778657-3e5d-4c2a-a51f-4c2e05d06d44	
d68c6b0a-9768-4a0b-926c-62283dd62814	EA242
d725f974-c170-4851-8242-09b0a1db14fd	
d73bf2c3-c0a3-413a-ab37-4584df5fc090	
d78059e9-cf1c-40bc-894b-e7f8b4c15c57	
d7a32a99-60ee-451e-9c0b-ce2f30fecb6c	D12
d7abf0d3-1137-4665-acde-f811ba96f5d7	
d8260ddc-f480-434d-a5ff-6821714b7954	D115
d876bd64-7f78-4961-9bee-5362df7f681e	
d8ed40c7-474a-46c3-beb0-04773de0decf	
d9065813-4168-46b3-aa13-fc143d89cfdb	OT495
d9202b3a-32c6-43d8-b6e0-521ca9bdb2fe	
d950ad8f-da06-46bb-a083-9660ae683766	
d9771ed7-cf29-42d5-95a2-b8748106ad92	
da066f6e-bb2c-489c-8359-d925c1ac5513	
da4b6503-884b-4cc5-9729-79bcea82018f	
da9abed4-a7a6-44cd-9a95-00a81fb2f794	EA556
dab22e23-fef2-4da4-8bc5-a9eefdc8a6aa	
dab54c15-8d3b-4ec2-bb49-da41912d559e	
dab91f2e-806f-4f3e-a19b-54d09ba405d4	
dae19201-dc20-4b43-9001-b0d18d2fe502	
db2b3cab-0e46-4ceb-9210-255d7bbda412	
db6a4a31-bf52-4711-b493-96e676de9b2e	
db83da82-3875-439a-98a2-c7e77b552889	
db9602f9-69b3-487b-b9da-54980df96dbe	
dbcbb6d8-2307-4984-93d9-2a3198afa15c	PB466
dc59ec03-ecfd-40a3-8c16-a1573c2f03cc	
dca4cafe-88b8-4758-a470-ae6b32437efd	
dcdac2fe-382e-4f28-b76f-db9d4ff3cd4a	
dcf19c42-4ef4-4b5a-a428-9383c5dcd4f8	
dd51c129-5085-4c85-bdf0-8996a95f28c3	D352
dd6bdedf-13b3-40ae-90db-e31cf1a05776	
ddca64a4-64a7-4cd4-b4bd-eeda02a0d927	
dde94b9f-9dac-44e9-b10a-6bc333e12b95	
de0c2d53-5cc1-481e-a3f2-bacad81d6c0b	
de73b9d3-6762-4439-882b-d2a307f57c13	EA44
de90b465-6ad9-4dcc-bf68-63ddd7c2fd08	
dea115d6-a282-43b2-8847-f933f83cab9a	
deb46864-6d7b-4779-b6fd-60d6f719b426	
df009a00-36ee-4eb9-8e4f-1bff097a8ffb	PB183
df14c076-1043-49fe-86df-fe9769bb3135	
dfba8148-39ab-4c8e-8fa7-296c17453127	
dfed6930-798c-45db-a9ce-1901414ef986	
e008240e-85c3-40e6-aa4b-ce7663079731	
e03c1577-bc0f-4e96-a1e3-8ca86a168f4f	
e0531b39-14e4-46e7-b432-f39ac89a51ae	
e05450cc-d3ab-4885-8e0b-12375345b70f	
e0773c3f-6790-4eaf-9fab-8b6c84959c6c	PB337
e0e73402-ccda-430c-ba8e-23fb72f2d163	
e12f410f-c428-41c3-9eba-95dc1262c19a	
e1945c1a-e507-4926-9771-f03a61465eea	
e19ea1bb-2ccb-4f6b-afe9-d7a9db166c7c	
e22c89d7-170a-46f6-a2fd-e0c42fb1dfd8	
e285ecb8-28c1-46e1-89e3-a0a4b670bac5	
e2a946c9-5b4d-46d2-8b7d-52baa1c9e8f7	
e2f0e3e8-ce81-41c1-a9ab-16d65c6f92c9	
e2fb6683-9384-4b77-95fb-c8a8d53e1cf9	EA541
e329e0ff-5bc4-4e2a-919b-bef88e8b0145	OT891
e32e5610-6744-4133-8282-78e3f250fe2f	
e34362f3-b11b-47ee-8307-6f8c7d2e5bb2	
e386e21a-9e1a-4622-9841-9e251373e2ee	
e3c17fad-9058-4357-9b24-d220c951e55e	
e3f356c0-62f5-4dd5-9edb-4ac4c54ce1af	
e42ea777-dab3-48ee-9f2c-4599b5cce61c	
e434e8fa-0f1b-4c75-96da-f8fdb2ef1837	
e4538563-5bdc-40db-8a49-f699a10773d9	
e4561459-e179-452c-bcf3-ffbfccd5112c	
e4900b3b-a7f8-447a-bd5e-43735f8f1b4a	D9
e4b34f46-9ce0-4b40-94c8-38358b2be8e3	
e4b7f7d4-93c0-486a-a8d4-3e4c3925c8d7	
e4bf6fc4-ef64-4ea0-8802-9b3ae9154691	
e4dd325b-dde5-43bd-88e2-f77ebca6a003	
e50610c2-5cd8-41aa-8a65-5c3db79024fb	
e53c6d81-b763-4eff-909f-3ffaa8327490	OT657
e5626968-d647-4c10-9932-745f0be5eaf6	EA701
e585ca29-681d-4298-a747-8a863ec60aec	EA46
e5862764-9001-4027-8c17-6a351ee790c6	
e5a507f0-94ee-4bf1-9849-d18ce2573692	
e5afc9a7-c2a2-416d-8d69-51c44e178f63	
e5c1847e-e040-4760-8700-d66aee349f2a	
e5cd3092-52ed-43cc-aea3-8121657ded38	OT152
e6168fad-ddd6-4836-8df7-590ff767a415	
e6496ea0-f7d3-4728-9b80-f9ead12160ee	EA792
e6647ed9-85b8-4e85-ad8c-d7da656c091b	
e6a56e7c-d064-4a44-a6ac-0a411f91777c	
e6bad539-caa8-4f63-9871-ffdd992b7dbb	
e6eaaf17-105e-4244-bcf8-4320b2e7878d	
e6ffdfba-9766-4123-89ff-d1b57a961eac	
e70862ec-8167-48e6-a27c-a0e9db1ebc87	
e70f085c-46c2-414e-b365-5101cb3406fb	
e7174ad6-ac36-4ec4-8f56-c8f5c6071364	PB521
e7654f11-9ab6-4e78-8d79-df2446f4db9b	
e77254bb-187f-4f99-868f-55d6f7716963	
e78cccbc-f0c7-49d6-8230-12d9ba518b03	
e7c8bd35-15f3-4569-818f-973e1dd3a9a2	
e7e3f873-2968-4213-8558-f6c8a8965fbd	
e7e7fde7-0a36-46a2-8f05-8b44bcb10ba2	OT220
e846229f-5a40-45c6-8350-a452930d3313	
e8a5e9aa-8fee-4dd2-b119-d5cc420a40ad	EA570
e8e3e2e4-97ab-4798-ada8-950ff3ccaaff	
e912502e-d3f8-4b2b-8ff5-7c116c7b6c68	
e9c8f7ae-dcc7-4489-add9-61a148d33150	PB189
e9c99957-2f6f-4ecd-b238-f817a8494e1f	
e9cf28ae-ecfa-4062-a18e-ad7d227f742d	PB177
e9dcd31c-34c5-4548-98c3-1be068564a18	EA82
e9e9263e-f523-4689-8c7c-fdfc9d3a4255	
e9f66f23-694a-4198-88a0-710b6b6d4358	
ea0a2a43-a110-4979-89df-b9c779e30b3a	PB126
ea1e7d55-9e81-4da5-986d-68e46e19b466	
ea320d5d-783b-4dfe-b912-2e34e3eda1f6	
ea474318-feed-488d-b700-d46f5372e2b3	
ea5ee5e4-4df3-4149-aa49-2788ff28db9b	
ea91a0cb-f6b1-48e2-901d-e076d48f7a9f	
eab0a029-2c5c-4a2f-9482-3b11bd5d1822	
eb1653e8-44d5-4914-842c-8d85eafecf27	
eb2d7096-b6b4-4ba6-b385-9a99811d80e5	
eb390b8e-110f-436b-9201-a5207bdd5431	
ebfb4fea-3fde-4401-926b-66a686e4346a	PB301
ecae19bf-b1a3-44d2-bb8f-4a1e3ec59276	
ed1b6b62-beda-4547-918d-078b5776921a	
ed36c550-f63e-4fa9-a2e1-b1655aa911d6	
ed997bde-1576-4455-b0b9-ce13a1e55fec	
edcf9558-32a6-4c4b-abf9-870b893e9200	PB175
edde3dca-3778-4bf0-ac9a-1393aef5fa16	
ede58a18-e893-41d3-9cd9-6ddd83fda406	
ee0f71ae-acf1-4665-bd64-f09ca9873cfe	
ee5671ff-15a7-428f-8cd2-347798116045	
eea73bab-7d90-4bca-becd-f39ddd61bad0	
eead3e0c-8832-4405-97ef-d8157d5d2f62	
eec79f94-fb85-4d3d-8a88-add21d3ff9ae	PB197
ef56233f-7e1b-4f16-8a43-bac43c1eeb42	
f025ae01-dada-4a36-9235-c7db83fd5ce0	
f08a9cf5-11ba-45f7-b46d-4784c9f73297	
f11a7de7-83a9-4973-9fcc-15cf88bf7074	
f129a34f-9428-4f37-a1db-f128e04959b7	EA66
f184bc7d-49e7-4563-9d92-6e12a73d9d12	
f19082bf-9a88-4c40-b618-ab0863b647bf	
f19f7415-726c-442d-9e83-2f2be07fa9a2	EA900
f1ea9f8b-0341-4ab8-8ea9-d05eb9913ac4	EA34
f1efe5c9-a3cd-4a3a-b1e1-1fd3b276c9b9	
f21b96e6-faa2-4296-9550-0f9a11da43d8	
f253ec11-900c-45da-86e0-4dd10f5f6b37	
f264ef33-e72f-4f55-9d53-4312d7d05565	
f29e1c75-1c59-440d-adf5-029af117e59e	
f2bc81be-a860-4685-9797-9d51d1aaac04	PB165
f3122b25-7686-4ad0-8a01-1990c73a0589	PB178
f31b034c-6c3b-406d-8f29-e49fa646ff42	
f3695796-9831-4bdc-9f9e-dd3c135ccd95	
f3719eeb-1d5b-4ef3-b643-01f931ccf1f0	
f383ce7e-0e03-4e16-9e25-12dc79c0f61f	
f3914b96-2a8e-49c6-b8c5-68cb7b5aa47f	
f42e39de-d1f9-47e1-b3a6-6370ebfc2eea	EA901
f470d308-17cb-428f-89d3-5d760a954816	
f4d51e77-fa87-4c9d-aa0c-b10af54595ac	PB260
f4e3e2e0-7d27-4cd6-afab-7f98228430cd	
f4f4e342-098b-490b-ac85-18468240b649	
f50296cf-8d58-4eb7-8598-d22ed6f82391	
f5273982-5b2a-4d31-b208-b8f14f234c87	
f542bd88-b29f-4169-905a-f523519f0d3f	
f548d95d-d167-4e36-b1bb-c3b6219580ed	
f5667ad4-4790-43d2-82e8-728c0fd1851c	
f5eb8e6a-4818-4a10-a74e-e2c0b4533476	
f5f33388-806d-475a-97cd-622a1ce9bcab	EA33
f673ba41-4700-4f6b-8227-874bb33acbc4	PB349
f6790d54-e675-4bd0-97a8-66c881734450	
f6900410-38cc-4ec9-9893-1bc18466cb84	
f6a9a0ce-29fe-4c1f-ba7f-1f768d7eec0c	
f6c700a0-9c39-43dd-9585-de727d8355f9	PB308
f7037642-5786-4e2f-aaf2-803d4de44546	
f7794f5a-53f0-4f88-b411-d7e08d0a9d84	OT546
f7a74f62-4db1-493f-96d3-3eea3a73b251	PB1164
f826fb18-095b-447f-941e-fbee9876c0bc	
f837c632-7c41-4891-8b23-a0031023fbf3	
f8391d1b-b20a-4ec7-80af-0647ed1e72eb	OT846
f84d7102-530b-49ea-a80f-0368da8d739c	
f8c802cf-7caf-4ab8-8163-590a7d06f6cc	
f8d76607-7511-4fd1-a9d5-319e1cbe74c6	PB194
f8e2024d-0350-4f6f-8159-d466ebdb585d	
fa02b1a6-8a47-4450-a49b-dead4c666ab3	
fa53315d-fdf9-4d88-ba33-6273207ca699	
fa7bc374-ec3c-4ff6-963a-2cb116297d94	EA42
fa8d581c-c6ee-49ed-9bf8-243e85dc0ce6	
faa8bc37-017b-4b5a-99c5-2557d7adf61f	
fab930a6-d6a0-4e12-ab30-7412e4b9f2d9	
faf0f33e-fd97-4f8a-bce3-4de91949b5db	PB353
fb1807d6-588b-48c0-9343-7ceb793a5926	
fb32b128-74db-48a2-9820-6a4b149bcc0d	
fb394298-55be-4921-a297-d7b1f702c877	
fb42a11c-f30a-428f-b87a-a9f67b21ebc8	
fb60e187-3536-4dee-8026-f656a11f3743	
fbb1d3e1-1acc-4799-abd1-5fb6b3ffc699	
fbcf4805-b132-487e-a06a-1a8b011b3e6f	
fc0c7a07-e3b7-46ea-8ea1-1a852750d263	
fc20115d-4d2b-48b6-aea1-c65c0b4a2b43	
fc293658-8f17-4767-991b-91d02527065d	
fc3dfb9d-1049-4417-b0d7-d80353523217	OT803
fc53233c-136d-4cc1-a7f0-faa784be54a8	PB236
fc87db43-996f-442b-b4b2-60f0287a9e22	
fcc6ca98-d888-47f1-8bdb-4b623dc26f85	
fd38f5da-52bf-42da-87bb-892feb9d7787	
fd94ce17-a797-479b-9c39-6b43004a33fc	
fde3459a-65df-48f7-9aa0-cc667ce4702e	OT315
fe00f406-5b1b-4f7c-b35b-f535536fb87e	
fe0223c4-01ac-4770-9af5-c761fee7fbaf	EA80
fe062bff-fd7b-410d-baa3-8b960d801b00	
fe237df8-5468-4f0f-a25a-762747649afc	
fe347f22-886f-40e1-adf5-0a773afcdae7	D11
fe3e3673-0345-4851-9747-0f3303870b09	OT543
fe47e2eb-26fc-40b8-9f62-483bdb1ee787	EA921
fe4b2200-e791-455e-96f6-077d1f7d837c	
fe7c45e3-265b-46a8-b0d3-af2883deb1ca	
fe7e90c7-88d8-4328-8281-81076938ce4c	
fe8502f2-cfa5-4b91-908b-d6dc726a1e89	
fe8a14bf-ba76-4b1c-8150-94004f3a3a79	
feae9a59-5db6-427f-9aab-7fa274469dce	PB413
febe8ba3-40fd-406d-921a-17bd93e92c98	
fecbf422-1c36-4663-9331-193d822d8f73	OT222
fedabbe7-9bfa-4f09-adea-acd2d4f0b348	
ff3dc61c-b240-407e-a483-150c17b6807a	
ff4b8198-da14-4f26-972f-50cb752f23d6	
ff5bb8bd-b76a-406f-a409-e5845d4f738a	
ff664846-928c-45d5-bad1-d395e25216ab	
ff941389-5562-4ebf-8409-bc9e7034c411	
ff9ae832-4e57-4364-b23b-bc058f4bbc98	
