oscar	government-organisation
ACA084	PB28
AHC084	PB123
AHD003	OT204
ANT048	PB377
BBB084	OT1148
BBC048	PC388
BFI048	PB189
BIS084	D3
BLF048	PB188
BRC084	PB317
BRM048	PB167
BTP004	PB461
CAB010	D2
CAF047	PB246
CCC066	PB196
CCR047	IM320
CES014	OT100
CFW003	PB198
CGM003	OT214
CHR033	OT814
CIT084	PB126
CJA047	PB299
CMA076	D550
COL066	PB195
CPS016	OT347
CQC033	PB251
CSC030	PB226
CSE084	PB318
CSS010	PB366
DBS034	PB509
DCM048	D5
DEC066	D11
DFE022	D6
DFT004	D9
DID030	D8
DOH033	D12
DPC032	PB1152
DVA099	EA808
DWP032	D10
EBF085	PB1154
EFR003	D7
EHG048	PB168
EIT084	PB131
ENV003	EA199
EPS084	PB130
ESR084	PB129
FCO027	D13
FLA048	OT787
FSA026	D102
GBG048	PB169
GIB084	OT360
GLA034	PB200
HCA085	PB161
HEE033	OT539
HEF084	PB120
HFE033	PB253
HLF048	PC390
HMT087	D15
HOF034	D16
HRC097	OT429
HRG033	OT483
HSC033	OT538
HSE032	PB207
HST004	PB460
HTA033	PB254
ICA030	IM335
IPO034	PB456
ISC034	PB263
IWM048	PB172
LAS085	PB373
LCR004	PC493
LGB071	PB337
LSB047	IM332
MMO003	PB57
MOD017	D17
MOJ047	D18
MRC084	PB132
NAM017	PB307
NCA073	PB558
NCC003	PB201
NDA066	PB197
NEN003	PB202
NER084	PB133
NES084	OT658
NFC003	PB415
NGL048	PB174
NHF048	PB175
NHM048	PB180
NIE099	DA1021
NIO097	D19
NLB004	PB463
NMG048	PB178
NPC097	OT430
NRN017	PB290
OBR087	PB260
OCC022	PB413
OFA084	PB134
OFC048	OT385
PAB047	PB301
PAS032	PB233
RAF017	PB308
RCL010	OT1091
SCT075	DA1020
SFC048	PC387
SIA003	OT205
SIY034	PB264
SLC084	PB27
SPE048	PB190
STF084	PB135
THL004	PB462
THO085	PB372
TNA067	EA71
TPR032	PB234
TSC068	D435
TST084	PB136
UKA084	PB137
UKC084	PB138
UKT013	D117
VAM048	PB378
WAO090	OT908
WFD027	OT316
WOF091	OT590
WSR057	D240
YJB047	PB302
